tiv,cope_score,risk_count,loss_ratio,premium_per_tiv
4808799.596482367,77.93379792171518,11,0.12815162774038907,0.006223015272406653
7260053.27656402,63.11071128900724,7,0.23573153791822835,0.006249195209474132
7275506.354653699,75.66557981329213,10,0.22112036618142691,0.005887581664565436
2534539.956030559,61.18882098228769,4,0.11819631254583415,0.005210719071824246
4948521.646153324,78.18050365447391,9,0.33109772375804647,0.004304628700641848
5847260.265182152,84.55150534800323,8,0.0,0.005207299831445751
981164.3917004038,52.45391270680399,5,0.3329044597013644,0.006072184753514576
1666266.4986976106,70.7572476004703,9,0.19500159997656358,0.00536605177749358
4039356.8181958245,70.1895281201692,5,0.0336887231968091,0.00365284789197125
3292007.9468270577,41.357797963620165,0,0.13586035043009326,0.006077717095128378
6732459.23755293,93.46974478221462,6,0.3285040204653039,0.006153921294001096
4821908.742265042,81.2026767781135,1,0.03358661701752011,0.006310366072445953
6360499.696101728,75.67531822492816,11,0.2816179179517741,0.005377030011874605
5100261.537256924,43.38032090249596,4,0.34196454306455326,0.0068012601328978186
9048188.787915165,79.2019210584947,16,0.16959346733618047,0.0051817743074497845
3317341.5522177736,63.80086714859985,7,0.13001754196283405,0.00575069527323342
14029223.874687074,86.41026795399596,1,0.253304951156092,0.004939556237186974
1235575.5700967982,90.00568114867856,10,0.14690052963624,0.005481588694467137
7076290.6560140485,45.99195657788667,10,0.22966668729725218,0.005729127396012389
14139903.468640884,43.128040568514244,14,0.0,0.005955314812249547
6650294.53292603,84.95990819453681,9,0.26045046780832637,0.0066632948923980384
3035269.361654027,78.11295294898483,4,0.21362995223336584,0.0051689568423565905
5465881.3385338,89.99461478246954,4,0.1991570364737089,0.0052537607087553935
5592221.759550722,55.7455170173081,8,0.1324820024782386,0.004020764158464019
5452255.403808718,86.68786653358052,9,0.19327153790882678,0.004777994889840563
11218984.34128379,71.53934782323604,4,0.02232055418417972,0.0049984098351114285
10379368.915037896,89.00498955268206,9,0.23314336542286823,0.004723136777216254
5199559.803899923,93.2280735880903,4,0.2515898496360338,0.006545157948760495
14675966.533060433,62.97224016526938,12,0.10900428410505053,0.004498220686753221
8510187.436308669,47.89166100878759,3,0.37438120215156806,0.0052148464443459745
5164458.42574888,65.94027396660078,4,0.1573313545202258,0.006237678816126028
4927792.805454837,76.84555302491097,12,0.1873879134800524,0.0038107076945363407
6805704.495416391,51.67150004583414,15,0.05883294564849284,0.004689363055974627
5798219.51156638,73.91842210235295,15,0.3015313891122215,0.005432819535639193
8197712.667642642,74.71868501138653,6,0.18735531155987015,0.004874003863960682
9000431.63562487,74.5453390308958,7,0.10493054469943927,0.005187473452623584
2397499.503083679,53.90592791245574,9,0.1291430657892569,0.005093107492676201
5478251.12946329,92.28456718806297,4,0.22717332542166063,0.005674770735145116
13703609.607818104,48.04610114172241,10,0.2757546811512022,0.005197281809768434
9387214.354376016,66.05221757537285,11,0.2814611641697638,0.004992658353078336
9074953.457782844,54.018150692627344,20,0.2365240409665648,0.005017852299694973
14552434.418471228,83.56398123392941,0,0.028423516342267002,0.0038364372389580936
8635308.306562016,78.13140166970547,15,0.3114207615582847,0.005800424552932889
10483291.377446312,63.195784346190536,10,0.1937047682844518,0.005629835325496234
6657195.256463796,72.01723611479352,9,0.09284715527220144,0.004870991347509918
2420232.2772932,85.63737807900907,6,0.10334248911709264,0.005388684015439865
3606896.0545202447,92.4937796162942,8,0.3511463548985795,0.0054776359615912405
984985.0519345489,94.3071447350508,9,0.12301561994339422,0.003923227671783489
2687888.799804163,87.35521138204155,12,0.17631554133915245,0.004230189063437243
13273184.713446902,57.68403459307439,3,0.11790132136612633,0.0033624649482263593
10939605.064759104,65.24729067764933,1,0.21791962856514763,0.004247949041457506
989699.3323826841,48.01505808543777,10,0.23371306606849052,0.00492927632838675
5043580.835286071,80.71308934278505,8,0.13659248054692683,0.005574773406870004
7270377.692007758,66.56954864210961,8,0.13600982471591672,0.005993144202866016
4305461.116445024,80.24580958542089,14,0.11953992374030215,0.004861371964244601
8622285.11542179,94.54506214490073,4,0.038879086697219234,0.0038413955922596086
10725693.942852067,86.79478619369058,14,0.006740993137052093,0.0038857218637374526
14813699.512454432,93.95761207813626,4,0.0389318444213233,0.004566260250806654
14691392.223451369,58.795943064959836,12,0.12543843112216824,0.004172881591766772
13343684.468317695,51.159011585860675,10,0.29697648415778843,0.008037219678548594
4948241.314471443,64.56074143320905,0,0.0,0.003909659711853837
6942088.543855687,82.4686695376632,17,0.13172025572255242,0.005028608027565544
11018388.796143439,51.99910408724895,5,0.16059315063400809,0.004285014169957119
11723746.487593872,67.92015547302125,3,0.08346057431429382,0.004321157729387036
13913776.032367507,45.97397562528302,11,0.16182140625766797,0.006165833268288064
12487105.231195422,63.357254045248894,12,0.2722130876001578,0.006191433700349614
1259696.5917621083,47.929211766817616,9,0.34881874687344994,0.005368215781160117
10344713.862338595,75.08045843987597,11,0.3274304353162436,0.005982129221675968
3712320.444601109,90.01471710792185,7,0.24339174655690496,0.0047039828462856845
2589195.8544290094,86.22905451956186,2,0.21049941407471026,0.00611703278143103
3827706.5236382564,75.06215980225608,11,0.28364372830116796,0.004801636914927681
10563561.402532006,59.74960026403068,10,0.33111388843337564,0.0062289606773800535
14595369.269821858,73.68483643786169,0,0.31894156194141976,0.005345267352569093
1223239.0430271355,46.16618157414378,13,0.2755030358093765,0.006907915216885848
9700149.263987243,83.95199908334965,3,0.00890110912075412,0.003969860010357792
1673525.656741872,62.5103172265068,7,0.2290428003722882,0.005902501576137699
13221936.160815816,58.485804409375376,14,0.05412487442527186,0.004137814983425978
7090289.500678901,41.47920848218558,12,0.08109897218145751,0.004194356903509269
6086403.483134123,48.0419510725621,8,0.34742274081113234,0.006950557015460096
586564.3135598951,54.936916890419724,2,0.16706261933398103,0.005918485382639316
4077623.5905413115,50.88163340488002,15,0.22925232669724588,0.006567053013237613
9780960.876760753,61.26756083441164,2,0.17935629868513508,0.006063581190503286
8280717.953586873,41.38895539020365,7,0.3102770565429,0.0061981966767021696
13223235.544462655,43.34857368120787,6,0.3092616471209238,0.006146760043729948
898949.1352357173,45.95109284076618,4,0.2154701015808346,0.00632931439753918
13847794.647519907,63.32511030591833,9,0.2683523806899683,0.006275712774483435
4633857.425755901,45.944337071888754,14,0.17704778473628704,0.006461653250638838
9718423.866817962,47.8156570119517,6,0.24155204279988304,0.0069631715448222
2260936.9180025263,68.30869508797542,7,0.10680756915899099,0.004980337345854527
5191825.046556983,77.62544362149598,9,0.17598045309897653,0.004747152607118845
6177828.663573498,77.28409006801976,11,0.11066702167756293,0.006127121222084468
2476989.662611602,68.25978677322146,5,0.23775810780618922,0.00496356709815466
13703580.276305437,82.48032342907491,10,0.25626003690317567,0.004771678399351194
8893307.828149613,47.14605710623688,11,0.16422526521715025,0.0057403458522732355
2216062.5074226577,46.1921890641152,7,0.26084140237048714,0.005258263862055075
6052536.828220468,73.68845714049928,13,0.07743278016387085,0.004282970003523842
605853.4625410688,81.65384553481874,8,0.16503545321328994,0.0077150707111747294
6065947.647676105,67.5464562262012,6,0.13068116833962412,0.004113119329363595
6716787.63997137,51.479315505355984,9,0.2251828610752169,0.005592970027294807
7578091.759228977,52.89164290183811,10,0.30854311451253374,0.00610012902274722
582151.9090314724,72.35862104106818,6,0.2909557323659707,0.005026100035954936
7130447.29136432,94.44200752384234,5,0.2341277100022616,0.005270413904638496
11518873.482310206,55.42675270284866,11,0.22724460025445417,0.005766156994521203
9209890.342301276,64.87770079898267,12,0.1383638626508745,0.006090855774282314
13469791.371223474,93.07439465067786,2,0.18572221398414201,0.004501677912956133
5187203.325664295,44.284790770211586,8,0.11772440186982114,0.003583766962557247
12308158.815316489,50.06135913841557,13,0.22472278680911936,0.005177900039598446
12874572.206305189,54.16338820451051,9,0.34865865621253445,0.005089248116417896
3995991.489811675,92.09304653707464,6,0.21795392115401263,0.004351087426370585
10364828.381381284,92.23627980213263,8,0.2518320614028013,0.0049994706486798475
2998543.341072411,56.248103792032595,3,0.19141748183538984,0.005277051308070061
7178917.2052995255,90.1919593081626,11,0.06354091678368023,0.005717885009075388
7177201.059093338,77.53485869128646,9,0.22181350441730407,0.005278429765982356
10871701.728020323,76.78516943408465,5,0.23922394949009124,0.005269819676391395
5213460.8466338385,57.91851988644534,0,0.26134825775245135,0.006083703059840214
5359627.715336857,81.40685058038699,10,0.11124401941145717,0.003486785436442911
3073566.862085673,49.09364744001444,10,0.2989745568391796,0.005157691776885435
5560836.456093837,84.32875505319205,9,0.18330104672218964,0.005162528276130764
5424392.538360431,40.152793882516384,11,0.22517371789301502,0.0058921929913411325
9737158.199125057,44.56914995709873,12,0.1811730981257837,0.005919017642985264
11565003.997344118,64.68087120342194,3,0.15910633482378075,0.005643399465965902
4424713.453642845,43.86747957456896,18,0.1996987497915144,0.006655715736195997
9036499.987968009,60.952927929535285,9,0.184719181638142,0.005056480846157609
9853150.580862438,93.3753774744994,2,0.08505550381325776,0.004995105352176104
1690002.2409007782,57.83399075599655,9,0.100424558309788,0.004750025706192419
1754631.447203249,52.67564542563856,10,0.20015183454925142,0.0034944369660817706
7135853.773246262,78.20191014120762,7,0.12424163996617348,0.005237100007468401
9697282.177596338,56.21696404562652,7,0.0,0.005147331859171888
9281351.805328874,70.11095837738189,2,0.14753627526855734,0.004079493854690405
11051996.995564813,74.89956868986064,11,0.19488142638851053,0.006137133748675945
3980898.5476034284,53.57187896679545,10,0.24741272842888035,0.005120859310644278
3334195.774752549,79.84176606606533,3,0.2572072722549645,0.00437124335938195
10523440.359133236,55.63188981715354,4,0.23955238913177462,0.005840091325418955
11340019.84451066,49.599601546507486,4,0.14196994841526342,0.005672992048976393
10209508.479363153,90.14014343685665,10,0.4108997721180079,0.005315228562841055
13532418.03665019,80.58723138404514,9,0.2890010837106591,0.005204249840523065
13914191.04416259,53.5432281378472,5,0.1571544482217947,0.004638167807049976
14353206.629711319,69.27981594125131,4,0.31004538077828375,0.006401082587169034
10338159.862672018,73.92317837029418,8,0.0,0.0036295973477049387
9139215.862371536,82.37963904261326,7,0.08865459844028856,0.005142405554912346
6003670.794587617,62.39310205892667,1,0.1266029015514738,0.005706402520824919
8933294.736998081,52.09064312239783,10,0.27651805437304966,0.0061473947292027846
12873111.280716164,64.38282621723238,7,0.12874264737734126,0.006157855504219184
5918850.207458425,54.788536782643334,8,0.04156482676783996,0.004587846182568333
5297093.390719731,84.42402189981009,6,0.30418944907712525,0.004495411386710979
12880356.233126527,53.99383692543864,13,0.4603626907220053,0.007167732569129482
2382014.697406641,82.60667164684293,6,0.17662698454672512,0.004576090051646812
8439894.798109673,58.37281427365477,8,0.25535391352096215,0.0055884246578910704
8586169.698306562,77.54927296757214,6,0.2745626825699561,0.005445201645780208
11449545.599833563,70.68595302079262,11,0.29917936053896355,0.005392281735667342
7618877.304055462,65.21509396070194,0,0.30500094209159706,0.004941293558346702
8682409.404154036,62.90420875600995,5,0.21265887104985978,0.005554386939932717
5683563.642457776,41.28530341763733,0,0.19775333318691263,0.004943221852534468
10632655.959593957,68.81079609368393,8,0.16011077927830386,0.0048955852851225844
1564928.1103539027,83.56402928975011,15,0.17639370523398845,0.0045042380708456165
10701625.718455996,79.45183907938646,3,0.19338631998496789,0.005130973827960514
4723329.827315806,46.03342568660586,5,0.1724770788075306,0.006019270863627947
3678591.832883305,78.64585569932781,13,0.31079450882917137,0.006070017322392098
886184.304516743,74.1318446095618,4,0.1909410489209279,0.005835585776694154
10049781.271182751,92.4696044974664,4,0.0,0.004856964857018479
3814683.79711586,52.52157879854293,6,0.23277581054446222,0.005397939887329399
10633184.548885886,94.37343491980599,1,0.30981482806528426,0.004231686974170714
9526860.299254505,93.29328771219103,12,0.26882319321283876,0.004787273991815154
758666.5593942904,63.85131262289834,1,0.34151217918832755,0.006527169744427714
4760775.413560713,74.90096532733688,9,0.039954826278215144,0.005040177832263872
1474919.8268726913,45.90594837384038,4,0.35973579995881655,0.005827833556363467
1155244.1741690976,57.840189290167864,4,0.24348292053865875,0.005736381052547846
5458027.679542383,93.67157422045213,3,0.0722952053658453,0.005581041509760682
1265052.3054020032,53.841578740364106,8,0.19468544575018396,0.004499408029530106
11496825.048851168,53.83193878732829,5,0.0013738484378190141,0.0056425947219153165
9628501.684267228,47.41333624976106,6,0.33482271387785517,0.0058069215692727666
11290540.019097488,52.28978461588494,11,0.23717035755129157,0.005378340142412951
11176954.857643561,56.54977626941051,12,0.3725148524964814,0.00667023437506347
13423152.282152679,75.64979763888027,5,0.21944951950554792,0.006324869584418727
11433731.33791507,73.23739472091636,6,0.22639341196091295,0.00548463389940485
6136044.385820911,52.04285678724921,15,0.4099428041267537,0.0072947541031565125
4844973.218848047,81.82999522786456,1,0.16935210459927616,0.004025368617514197
13352503.645320114,41.06086321095366,8,0.1819717765957984,0.006495744606113219
12722819.950777976,42.94134781244016,17,0.3112158702592883,0.007641082399048057
12509279.711307384,92.54523947262369,10,0.24887097071526046,0.006297308330221071
5064016.244901175,76.86679535480755,6,0.2530058558317363,0.006363744167264689
8799644.966729648,56.517803951211945,6,0.23987428933489466,0.005848030450011102
11372852.62613507,73.08267870880542,14,0.14701347615053073,0.004432816386079433
2988273.7597181634,54.526579798614215,7,0.23342127548494734,0.005728755892070764
1835683.701729268,63.278926299759696,0,0.3889665756195758,0.006553729277762314
8834128.002334142,93.15627702840192,7,0.09503053805469444,0.004735864979133984
4392467.395561974,41.56856214634218,9,0.21299176252026564,0.006224793634525394
9680424.711611368,92.4586562259837,4,0.07931144831007593,0.005653578565523801
10893118.93692424,59.33616211495927,4,0.30415390963321454,0.006583234535637422
8297721.806370283,49.173984063199796,8,0.2421949233785334,0.006156866076291646
5905807.82517027,50.793717321778715,12,0.20294014306985242,0.005838631187771083
4227138.63983492,81.25469458565681,5,0.28980112180423273,0.00614031454103392
6141974.693481701,60.35139578812171,11,0.19340625335951434,0.005682699495471536
6189437.456390178,70.82140365224943,6,0.09631579574391319,0.0042354295869926235
6817903.99436991,93.53046902723366,4,0.20926329459123114,0.005276885808788449
11459118.177759564,72.2804012784649,10,0.3968777023428215,0.0068875674492965685
13269980.632749531,70.5253980257176,5,0.21318394428723778,0.005056268006968611
1416959.4740461688,50.10854629392327,5,0.2853473071411683,0.005780001731720716
13939530.427550325,48.96894835777404,9,0.013257608797309334,0.0058807453945047316
968916.0927698546,66.36377002501034,10,0.2570618008470515,0.004813391091968565
1176589.2453397464,48.497329334315424,3,0.21377112554212163,0.0036688087957423158
3520638.165337921,52.906868228712725,12,0.24381665878514847,0.003696249537941238
9351505.884551523,65.14767143498648,11,0.17450887110558028,0.004733748916070332
10509087.543944564,88.7120815522314,3,0.18657885637390367,0.004987463973399384
5704683.724086514,81.26743781309749,7,0.19613545000484947,0.0044611005478988695
11552134.867350386,84.58350623459685,6,0.2285079566848218,0.005711673131974602
7038177.323693285,76.90510121207225,0,0.09256009780978099,0.005428677050050871
1479975.9622245505,40.77998083125787,8,0.21948123232532651,0.006322151947624966
13300531.230020046,91.63039897212059,3,0.16725589074078911,0.004894196242397663
4553959.5542146405,69.08552806872311,12,0.19191501409966363,0.004691459731589301
7555529.127176415,81.06213123646549,7,0.181572920977301,0.004708724762141553
2516562.8671158124,44.02440691945357,10,0.2443204129952154,0.006109855847873243
9580755.779183846,68.87687925812205,9,0.24710145431749445,0.00432123019378071
11564353.52388047,90.83394871024092,5,0.19302013130344373,0.006456962767546155
10064102.002045741,79.77391553862154,9,0.10123677475416609,0.004546073072497279
9202105.61053942,79.33389606757237,7,0.18233809995645264,0.005460338542075753
13403985.753442379,41.340260999961714,9,0.22503068447704444,0.00618151522037571
11018920.781467741,82.31538557670129,14,0.4250179180670297,0.0055524794393924885
9448417.865933452,83.59140691593963,1,0.1568317942387584,0.0033708566953615203
3541434.7118622004,54.05615501733958,8,0.19621531238800868,0.004976907931201972
12936488.70140251,54.997303674751144,8,0.08497100110444755,0.005591558988367539
8445309.959482055,87.89486386329739,11,0.16461778694128318,0.005332902235380628
6691968.195779928,64.23222834926493,2,0.24749929319563857,0.0054068136642007264
1729260.8088854367,64.06825207601193,10,0.24446895399818735,0.005042825628377544
4140980.388897846,61.8911980676036,6,0.33196854357526306,0.0070568127225392515
13469754.100930728,86.84931686388322,10,0.029725317710485588,0.003
10943273.13476516,59.849024630820125,8,0.1737496534642793,0.004229669533335514
5221343.1124057695,56.82234135592546,4,0.20196633780598994,0.004366592121885738
6969865.612649933,59.29305297578796,7,0.17549252435307208,0.0053566332730723195
1696257.4978365002,69.32444737865501,5,0.247856393137517,0.004913459855902134
7722118.765365032,48.01153188813339,12,0.12060939793839778,0.005976974008083787
1014399.2485915723,84.06060147751191,13,0.41194734148957607,0.006087442189241333
9637728.739917858,68.40256443590826,3,0.22357172519348406,0.007522546348625406
8275896.826887528,61.05918358094236,12,0.20128107761366448,0.004567242454986238
10109833.820065755,61.8444040549921,12,0.10226705644187918,0.0053420056862286645
1008381.4055631184,89.68973935077508,2,0.06166667421358138,0.004865669141299674
8574687.126542902,45.30288673275612,6,0.1368452932731503,0.006267666413850025
4747752.0253527,58.46531758392342,12,0.30367489874632253,0.00722613388671358
5192940.928518167,46.68090221969847,8,0.2507610639761176,0.006805262007164654
3368116.633454671,52.69555641708038,10,0.1860905326478259,0.0066700389433635605
6110666.462546089,77.70214739195788,4,0.2012780643701702,0.006395540547945556
8720502.4666844,64.3618815618134,16,0.22329076529540295,0.0048783067510586335
11147737.596081777,92.75518114777415,8,0.3346630105785519,0.006381841015788164
7379929.649556222,58.56417647526283,13,0.3881053157360122,0.006052672312229617
14860902.724352958,84.4283177747416,7,0.11662839067549566,0.0063797669591568835
7164722.119376782,91.90409890938388,9,0.11966730091670898,0.005428262434052367
3581017.5373995984,51.236083443938625,4,0.11773308697757726,0.0057033521076736236
13326345.259483187,70.28303338878469,6,0.16144191566728125,0.0059191772672704
12721422.740300337,80.81922437220092,4,0.14689165008558414,0.003995269790903731
5392171.901094227,62.2796817701214,8,0.15734533689786115,0.004728148039260477
3869902.5240122043,81.00708486161933,1,0.16875160748408377,0.004970181985546119
3196274.247660642,85.43738080946343,8,0.22427134697540707,0.005734747817391116
6959652.963935384,90.97426077042275,2,0.15548321784685415,0.00514269193591413
3623887.537172745,49.386263868272664,2,0.22456485337959436,0.006091475456337854
11773843.11588801,67.42637941542306,7,0.19089016455017183,0.005916524645477013
8262245.188910039,44.535669885024426,5,0.1398762445727728,0.007515226529037857
1142632.2207528274,40.76173733724715,8,0.3421025845283422,0.007833437021230927
8147102.58835576,40.98268139071993,0,0.25376174369415994,0.006268856646913059
13611439.335931752,72.03581904869876,18,0.3849778453479711,0.00604262961173954
3153769.862516298,70.02660419692927,9,0.26734414483804936,0.00544481415604091
2113529.298855017,50.065387982788195,2,0.12583741859860917,0.007303883392562788
9570407.879468435,61.01528350713601,12,0.23969430156060983,0.005575119443989237
1466187.7068551993,80.43101994560999,9,0.18258283924206326,0.005477735825525118
3653536.0580636943,43.43587934808495,5,0.2301322005212839,0.0041684209024252915
14708676.664660363,74.00050388797827,13,0.16161855260281158,0.006148148587850357
9070034.876433535,41.35090369242588,10,0.23059217004722005,0.006466703204981973
13619285.37448996,63.47970457531775,2,0.2094984353559382,0.004315934166776163
10170392.67964824,77.64082757736087,8,0.1302495824545667,0.0035865007121008876
3002024.0216726614,77.31665945856287,14,0.19795101376514707,0.0060003625047072495
5011856.634073083,53.01943394680745,6,0.2709880372745133,0.006021638593354419
5723875.838655429,92.78872578824675,9,0.18067735771121865,0.004253165816776774
11772684.082964376,79.59859299655344,6,0.06405410953726348,0.003432210563183282
8658258.90906468,90.18203810189955,11,0.24543475699115622,0.004421188086387304
3984727.523690864,69.18505194861758,6,0.11876477231943589,0.004520228441615188
4502716.3621480055,84.83586477936771,10,0.3082703584571081,0.005634783484146793
8668256.452452958,91.793060283466,9,0.3194657839664404,0.005932545442737686
12476548.105700044,71.56941358688366,6,0.15209439788274254,0.007237640195081645
8253924.687573948,67.66511535175866,6,0.20457328242157435,0.004519511391630117
7742487.801608221,60.33718352831603,12,0.0,0.004773822734617291
12011797.329950806,86.50296238022146,7,0.20772822724556722,0.005651725210045727
5846137.984279016,85.79146355995402,7,0.13464508372142797,0.005504474597206962
932715.398924049,69.39545583043535,6,0.24599318512742913,0.0044814969081645025
2112453.6647034977,47.64926888590078,11,0.2526982005504539,0.00404183543383121
6224317.108214345,69.62966767297065,10,0.16632469540569075,0.004693341697461409
3650681.7479512924,67.91922308488799,4,0.21604506847125965,0.006551055050387767
5907709.1516813375,86.84296671632814,10,0.0905944961491376,0.005086340553583459
6427229.25038683,54.792002913447725,13,0.2967587438717951,0.005848354726039566
5468612.351832263,44.56066128612973,6,0.0,0.0034872555790199282
1113001.275749662,82.39214290252593,9,0.26247779624083034,0.005325000341730706
1093142.7887851237,47.866285970075566,15,0.42072049893778507,0.006530436197561924
14425081.09823787,66.36808458091463,0,0.29126428907775304,0.004771673733672039
1619344.0591854681,40.00599178117596,6,0.08302234520893002,0.006743225935942033
4551358.475829747,82.3111022076386,3,0.02660846937531286,0.0037912964002320576
13528726.248275846,58.26807597090889,7,0.22912320613237083,0.005025511913808881
1660704.4986382413,92.77706842252701,3,0.2171699832381041,0.004660617429069441
4343842.432100419,82.54990115737445,13,0.10471827454577814,0.0046623262938503916
12495490.417543828,47.90222543656524,9,0.24803236540442047,0.005393811472293235
8646297.751081001,49.32014898246952,6,0.1710193701137161,0.00635020652040242
8753185.677988708,69.35910602822123,10,0.06375418321855025,0.003206866756467441
12115259.791117612,83.19472279426876,1,0.008259958596068873,0.004441410552199875
1230309.4711733167,67.7616199622438,13,0.3369846932976646,0.005559604571320378
2445232.6613022904,77.03422018662184,7,0.2028301273501522,0.0054489661445091845
8341767.923809184,72.84769382240586,15,0.21372390877639996,0.0046463935056103986
2604444.5084929382,83.0882857136256,5,0.2313231357383359,0.006026298262114374
8046807.144974582,55.02408293084039,1,0.17145581268777177,0.006025021327739687
2565533.3667596336,55.48176960027842,11,0.1702960875558418,0.005750867798870841
13230280.01131679,65.57254157226623,7,0.08683540293190904,0.005138039718664611
7296330.096445438,48.354811329368246,0,0.19034488174367137,0.005811189604573922
10995304.375276655,61.134931177318876,6,0.19397815134319363,0.005575840988409123
7334515.1217493685,55.458705497635,9,0.0,0.003937862344158102
12126489.519455489,60.19294099329081,15,0.20776963037340818,0.006218326223334513
10829306.018644117,84.05067831937546,5,0.24795002027566304,0.003
6916666.990376528,86.61347072865158,9,0.21134701428126118,0.00609911842278494
10443881.231306994,87.42753514955784,7,0.1933676583476747,0.005484801539842533
12075469.248819211,67.02715160227075,8,0.22974676247928646,0.004494502274541981
4589686.864696952,53.505049528706614,10,0.19855728633977335,0.004459296365923534
9010767.673049562,61.20711489229892,5,0.2844775768568797,0.005953887251706826
3928447.6365486206,40.35536815987118,3,0.26149171631494383,0.0067664059937158445
6575386.9160316195,85.58400172863634,5,0.19630561574354094,0.004710123623986664
10319145.724827817,94.20643016965738,10,0.18198145502428684,0.0037438695485043022
9620669.118942775,75.41886909546554,6,0.1385835530397136,0.004277713841041295
4719524.189696525,78.11390891385118,12,0.1707077419105221,0.004932771256224104
7252190.255467721,55.13594638785757,8,0.15352162084383716,0.004194940236346754
3083037.1621525935,68.25253146697327,4,0.27824217913648797,0.004773623892740889
13530378.003721856,86.24610928025857,6,0.10908937526933446,0.004092020324011896
11436358.474300057,54.37656131402307,4,0.28033057308632264,0.006046355409366468
9225441.748105548,52.96488536810652,14,0.16026182472864048,0.006165880210855263
7222141.542199591,89.24245895970789,1,0.1543908376944554,0.00591752728732243
2521362.935666904,84.83103381194638,8,0.2668691789593211,0.004546734694667683
12169904.426914634,84.57567862771516,8,0.28120386296682576,0.006468801229830807
10502042.802731337,60.30150346993866,7,0.16411478419364242,0.005697882449150834
8328465.359961833,53.77544867716371,7,0.2993896134057493,0.005808109921459614
14949223.241568388,80.83567780135581,10,0.3715111462752299,0.005423974622801726
3149242.503951886,69.5270177159377,8,0.06441086015485059,0.004230693169026973
13129748.176137872,86.75496092641319,5,0.09326761878270509,0.004313668311408073
7430679.063217034,45.06420455718911,7,0.1064251489511756,0.004075831701345038
11103172.996991472,42.49871738211044,9,0.023687483508115947,0.005783081092095984
9245027.23434744,94.67598482326582,7,0.16089744650716056,0.0034678189434358435
2326708.6713491213,73.78082814603665,7,0.2395627526791968,0.0052509208902411335
2341802.546797151,89.70807145182403,11,0.03598043486760538,0.005060506385081612
10013809.339256952,88.88170823441851,12,0.3302034628141673,0.003711129219793704
11403911.139658147,55.06178702329221,9,0.057730817833581194,0.0047996366321991476
12301710.87275066,47.851542721006695,6,0.3425002754102685,0.005786914101139922
6707032.737879362,87.49742744610344,7,0.09147527600547423,0.005554786073944063
4538721.086288493,94.17684309480566,8,0.1618784590278405,0.003221879469194093
2052793.6709317497,60.24654955110357,12,0.1405958526472052,0.0031966488079307738
1896077.7804344874,59.67096014099431,11,0.14981391366169047,0.0054296113648873625
13057720.341498805,45.689844713946755,4,0.2348027732156769,0.0052678165020207095
7918047.509444692,78.57897006967528,4,0.3993226651472912,0.0056935142057746935
2756517.5496636527,62.51730551861809,9,0.4690252484273231,0.0061767436166315645
2828338.25359781,62.57081483685998,16,0.022211938536846387,0.004328236849725491
13209432.050471125,54.00248314549523,9,0.26487502513705596,0.0054466444756807505
1250742.1909760758,69.46882595247735,5,0.13605370359478364,0.005321207364793195
12361561.632313317,90.02099738463839,8,0.21452736928858415,0.005032462847632774
3285300.1058633775,63.09659906480563,5,0.0718174994788627,0.003934933975516745
5862860.691775137,81.44099885268503,0,0.2217333295244891,0.005589809307711618
3453542.5040784557,94.4053157941192,9,0.2651417661086478,0.005718135641090546
5764277.257080236,43.66190261569646,3,0.38537639885476427,0.005965605807126994
5414938.958632985,61.05509820411917,2,0.12083255312611876,0.005143248771266407
12248502.771570815,65.06949821199423,0,0.4053825212759361,0.0056786755304752135
1218789.0899799417,89.99341971218848,5,0.273776973118595,0.005335026783530015
1008465.1047372641,93.96841486542625,11,0.008860279510366553,0.0037027483932508686
5565010.335160666,56.087064708836365,6,0.2537378162843969,0.0037762580323598563
5572568.293737978,53.540921658222466,11,0.2928808043352524,0.006140089260017969
11893581.607019302,70.12616257515612,5,0.06385665750013625,0.0038629007284392914
8849124.688836142,58.228980327410724,6,0.36392222235604954,0.00713419500714123
12827700.046329688,92.70956723865041,8,0.3453751011410052,0.005166282557428304
2691867.981373609,75.63727873841108,3,0.08296277101062927,0.004926699085031461
11017725.468025273,40.807040376366245,8,0.23898098832346995,0.0059948989672321115
6061246.12780306,70.90486664113823,10,0.3473189718509695,0.006298669343253559
2065740.903385719,75.54583782539893,10,0.28420790847041727,0.006857896067815827
3800564.2215289255,45.664594438646674,9,0.2683798785161997,0.00604184053688158
6844306.532379261,79.86580586667134,17,0.4270561115873367,0.005727566236514199
2154093.936623117,93.68130107040409,13,0.2018195612705196,0.0041354053418178206
3747459.9906893168,61.08607601219707,2,0.2647011143016525,0.005942127839587146
8720416.045990385,45.65902489029999,6,0.21804215077924524,0.005625564538315568
12448010.270803465,86.9708710094542,18,0.2647838038181065,0.004575752705425343
10426829.493088445,80.0575983703265,5,0.08173424904850551,0.005596624928438035
14401795.121892484,87.7349708613416,8,0.25452399783323276,0.0049965374724735105
13685072.418494215,75.06829109840646,1,0.25064431976984297,0.006126519753339126
5433528.94238189,43.03016235616592,8,0.19689881441795823,0.006258306175754978
11115418.425954638,84.62238021918816,12,0.14581187792704553,0.0054962956748554745
8630983.276871758,58.72521968760624,8,0.3373328846673035,0.007037442051877071
6768158.564934402,56.77086042646796,13,0.24765534459462757,0.006554692184965635
12286678.819126269,90.50205636807964,9,0.081321355009906,0.00510716675297086
9723316.19614303,54.46194550052389,8,0.29053869772838353,0.007371942910330992
11172087.319980111,59.399600639886316,6,0.16608207137401199,0.004899543993561232
6974591.093565511,80.08055566191294,10,0.23369103745836786,0.006356410853146638
13814869.033096094,50.840883207541786,8,0.37311434804278687,0.006342622098230967
10379937.26528314,59.171524233588116,8,0.23852692709356532,0.006136678775364055
9968491.277029648,76.75679147096608,5,0.13039756774994246,0.00433494494855992
10873946.638996447,86.45465994828484,6,0.14946122761297137,0.004544171907499952
1919027.2907987267,79.39504859381279,12,0.22145155704226968,0.005198750990427062
8810685.34273769,75.21707830276483,12,0.2778939568934626,0.00714918496359004
4600318.476854816,65.68662410954826,10,0.1921413259238187,0.005770519101778961
6448434.765084586,70.87942668465683,1,0.2034702996997496,0.005095452817535067
4440465.250570415,55.493722897918126,9,0.2066604507463457,0.006552568929386502
4833624.799877836,46.233551353707654,5,0.2667965552627326,0.005948364545000071
9363344.382216759,71.54048382502468,12,0.23186473334465252,0.005536571665181907
7139513.1838313285,58.3086859497571,5,0.22942340104886022,0.0046275431098449366
4955032.971358013,81.71903950122673,21,0.06169666219494005,0.004344472984739209
10727025.880105725,82.13546357632467,11,0.12855859624430827,0.005051321571624276
14742887.863297198,70.08917381683193,14,0.09029545303212333,0.0050037077110359285
13672715.07660535,74.45232585469654,10,0.07219765626350916,0.004679901194007183
6438153.725359129,87.33098612590689,7,0.22501000306265223,0.00462118004538389
560603.7535206749,41.04206687546658,7,0.118045304613762,0.006200787660701266
8784300.773467563,40.5914188808354,5,0.28608320206022986,0.005669328184141377
13473648.144615538,48.7789143307901,14,0.1911302585791652,0.005599374252707697
3885433.9720466197,64.4101570944127,6,0.10658458181625843,0.006199847799944997
1367622.2591300458,91.7946062872162,19,0.28341037648821626,0.006235290207255336
12155053.21130276,85.03422943525949,5,0.18261924861888354,0.004293471588618514
7983327.970898173,67.8286062682856,0,0.09368737735553206,0.004744688854492226
9275263.707098184,55.72042685411661,10,0.31040117062586847,0.006555326956471985
12807196.751457008,55.59735636204164,11,0.19309202657464017,0.0064797226684449715
4457948.614520235,86.93587751233486,11,0.2915503001970318,0.003541402405736302
7484411.752124685,86.87524123519854,4,0.2520386911348826,0.00548903589782265
7092136.529810128,44.66944803952087,8,0.2161380260179438,0.006140280633785615
7895149.912105776,58.37444076822584,7,0.2638786794979179,0.004778978206253294
9262353.588584322,47.34136722902541,9,0.1684410962875998,0.004327597303518559
12672355.53306368,93.4891722872731,13,0.15353788316033865,0.004361983410225716
7956450.5138878245,68.02383607941852,13,0.041897265418181895,0.004258878401167075
2528005.5559593923,49.89558225521259,0,0.040817296053550445,0.005187269667779778
8808439.395353328,74.97749400947026,13,0.2499951149664188,0.006022346631508579
3176132.869449568,64.03658212179081,7,0.11463552063552172,0.005463389918460643
6330920.600963763,68.68088417458507,10,0.14425262043575274,0.004992656661618523
595389.0575174679,86.56801015378409,1,0.2613194131935831,0.005060412513901015
1596212.774573145,44.70120862710009,9,0.22531492287422109,0.006271480258483503
5100465.938015183,85.46200719699776,2,0.07667251347363531,0.004865712495913571
12347320.358836858,57.71917072241776,3,0.15095932122679992,0.004287699948736609
6342330.32982181,70.38712872614339,13,0.094793313725814,0.004898592141447527
14650001.614061927,62.386119269704395,3,0.21355329574392806,0.00724313376537687
8175537.6498338645,76.9304868354872,0,0.0,0.005032055227928479
5114862.344567287,42.059574021142794,11,0.175938848612892,0.005395211733213671
8393626.78748091,68.46171209176566,8,0.10469907510255892,0.005447840644954789
11085634.290285444,45.87708540656555,13,0.14422550425930325,0.006034419438950268
6029815.690617112,87.16414350986838,16,0.15875269245937998,0.0038477847949146575
7106671.539616233,48.9262341276973,6,0.41002819511183936,0.005400110872480735
14355263.393140879,70.23831278751541,11,0.21433787960087639,0.004891372216175927
1799245.2932563147,46.858615693512625,8,0.22604726509050294,0.005708742213050355
13185356.357547736,93.94499573103286,3,0.13976738413749568,0.004568505228200888
5016672.881077058,55.007526250229006,6,0.13199307166484983,0.005174206391029191
10634592.276003195,72.93433420382584,13,0.21101225086993358,0.0050103739286047316
1042304.0630342765,92.88087874404522,0,0.1160775099973313,0.0040840792912354654
6654550.294997404,51.988934866542074,8,0.3028534083112323,0.006295266649136538
11691604.665378535,84.2950277793844,5,0.3183192947963539,0.005578309053558958
643877.917389531,47.24721465791447,9,0.17114568391462776,0.004803647440451474
1948283.3604584942,58.56129397507148,8,0.1840274422735493,0.0056838234356073915
3395447.706413714,55.5487619665362,5,0.35403195541613475,0.00829054238809635
3612718.718429614,79.60197105906997,3,0.2022017738545515,0.00458683396761579
3902778.5128496685,76.10014483597026,3,0.08119231768334104,0.005088324171511128
2325642.1518606516,45.872157389154204,8,0.1579706406828764,0.005864520096387235
4886425.9706331175,66.23247059513551,7,0.14803509703681467,0.005655390987132584
10672622.068624003,90.19493547223225,3,0.2288548674013269,0.004361275966332525
7236954.82452995,57.99591092080391,14,0.23577187025084997,0.006434468474617481
3462613.2054368723,82.94313714263508,8,0.24098892756145837,0.005403043060930003
838691.7547291529,93.24053450921294,9,0.1484647980696933,0.004663267725165921
13854342.151065454,43.50414895669362,10,0.2942352219574946,0.006054776236497331
14515167.3461627,66.31529768902001,16,0.1326865252341028,0.00497977599059581
2051478.2521310535,59.107855660270985,8,0.3193182340694358,0.0051693161796799204
9262896.9436119,90.71902709351882,5,0.09162887017361616,0.004436895501034663
12330436.794487456,92.32587674269766,6,0.15283987357721052,0.005383048252529396
2644221.6355714067,57.39359375280772,6,0.33749388241981604,0.006788309372325968
11574776.125961276,64.29768451004375,5,0.11097276545703033,0.003834674441964668
3871294.808245995,61.466780149471546,8,0.25046846117135,0.005207438540453781
11037027.514025586,40.038064443793324,14,0.10463233876254115,0.004567176434766313
11232069.041750394,49.18862020925993,6,0.17920327159327817,0.0070609082089569996
6751594.322352652,59.960539885713644,11,0.16416825270682278,0.005700847937540784
2108633.1146596577,86.3347974047913,10,0.38637749477839195,0.006259179292255451
4484569.37125331,51.042950540879104,5,0.014633799129964487,0.005614708548305605
10136570.153162679,44.9468749347921,4,0.10437066535903833,0.005629880340201764
2893730.0405801223,43.66151406700762,10,0.1366260796626551,0.006423602199152917
14826151.08335291,72.16415881448381,3,0.28240762844350953,0.00589492194194462
10221850.029018415,85.76468943644568,13,0.15594915048161817,0.006560347739312036
14016656.80648544,83.29553025480433,0,0.2339512827501454,0.006426826641966323
3061273.4399235966,40.7820416219866,5,0.20309142504908764,0.00564907682739137
11729798.640868135,69.25586811269298,7,0.1670710152921577,0.003992553358284474
14208744.60367796,86.31714925925004,11,0.08346685258656161,0.0040880567433537575
12669540.304993486,62.223343583929065,11,0.2312873880421928,0.005597091208303237
1049191.6724370304,60.58089360415549,3,0.2359739568622947,0.005222109375255883
10825660.679594262,49.58102128577208,10,0.3215834197798868,0.006384991117577079
1808744.1149662246,41.75592796277841,2,0.19513747945216592,0.005000023560974491
8142762.189662619,69.4809480171641,5,0.25747835590795587,0.006094433813353013
895140.4276679964,75.3599556380324,6,0.09675427907310152,0.004641065955097115
14612449.605948744,81.17584328881972,7,0.2368551338072421,0.004243649165132327
12572825.346591106,93.513766843844,13,0.24159668482357402,0.005797720762497099
3027167.196997284,42.15752152468652,10,0.27058952583167045,0.005263679541965737
4952080.348596523,56.950660734201115,1,0.17044802788736219,0.004204425923390916
7063614.936529951,65.5320389879457,9,0.2969134845338289,0.005630451595840683
1480903.5384139793,44.63608796335859,4,0.23873484489657237,0.005284152090466113
11353632.44960531,87.29704632231481,6,0.21521152121409426,0.004963658479020029
608660.1847365778,67.71770524032772,4,0.1710808701967503,0.005034956994838793
1282918.583774479,62.88099970060799,7,0.23841247581227107,0.006080040191360995
5480589.634391842,94.50659158356842,10,0.06189905723118869,0.0034943334306964035
10142298.843210777,80.29907870144427,6,0.16001948807165545,0.005603709037953421
3656026.054974642,68.78823923246212,8,0.23493285813125933,0.005076199514981262
10245680.364951424,47.86523900468456,10,0.11319388313216507,0.006303049350711248
3813898.017415998,45.44622055187915,0,0.07884046716696234,0.0037351494860134293
6298175.980962657,62.45893568714338,13,0.2115144628565981,0.0070193291228996535
8491416.342267402,47.77283779217049,7,0.27598460698504523,0.005580084195598056
6596304.238203072,49.57428486288822,8,0.2099910248734431,0.004735261544114103
